Timestamp,Title,Text,PhotoUrl
23/06/2025 4:42:19,a ver si guarda fotos,hola foto,https://drive.google.com/thumbnail?id=1s6NX16R_4ViZJqHBBUj7KqlHY8_qX0c8&sz=w800
23/06/2025 6:12:02,Radio a mi pagina privada añadida,"ya tengo radio añadida, solo tengo que añadir canciones, y creo que lo siguiente será corregir lo de las imagenes en portapapeles y luego el hacer el script de android",No hay foto
23/06/2025 7:11:43,Creo que el Rafita de Madri (el coci) está loco,Creo que el Rafita de Madrí está loco y es un carnicero,No hay foto
23/06/2025 7:15:24,El Rafita coce creo que es una carnicera,Creo que es una carnicera peluda,No hay foto
23/06/2025 7:15:46,rafita el coci,carnicera peluda,No hay foto
23/06/2025 7:59:31,Los Dos Pavos son Rafita y Nacho de Madrí (del barrio del Pilar),Esos son los dos pavos ..,No hay foto
23/06/2025 8:03:29,Rafi el coci y Nacho los dos de madría son los dos pavos que me acosaron en el campo,Son los dos pavos que siendo yo un bebé me acosaron en el campo y me dijo la abuela que habían 2 pavos,No hay foto
23/06/2025 8:04:57,Rafa y Nacho me acosaron a principios de los 80 en el campo,"siendo yo un recién nacido ...
serán de esos ... que se piensan que los curros se heredan ...
Ya están parándolo todo.",No hay foto
23/06/2025 8:08:01,A Rafa y Nacho del barrio del Pilar de madri ... que los aten,que los aten ... me dan mala espina y a sus parecidos también.,No hay foto
23/06/2025 8:19:41,he visto a algún joven de nacho que me da muy mala espina,a ese también,No hay foto
23/06/2025 8:56:15,A mi no me metan en sus juegos raros,"y menos para decirme después: ""lo siento"" ""perdón"" o silimar",No hay foto
23/06/2025 17:34:55,a ver si funcian el github bot para salvar las entradas,probando github bot,No hay foto
23/06/2025 18:06:05,El mismo que me vende como bolso seminuevo o poco usado,"es el mismo al que le interesa que no tenga mujer (pa comprarme y vender más facil) 
es la misma persona ... y ese es nachete del campo ... y es el mismo que me lleva empujando a la muerte e aislamiento toda mi puñetera vida",No hay foto
23/06/2025 18:31:01,Nachete me quiere devaluar ... para recomprar y seguir jodiendome la vida,"¿Qué va antes la gallina o el huevo?
Pues lógicamente, el primer interesado en que mi mujer se separe de mi ... es el que me quiere vender",No hay foto
23/06/2025 18:32:04,modificacion pagina web,"estoy añadiendo canciones y voy a modificar la radio para que use los repositorio de github para así poder usar todos mis lotes de musica en la radio, quizás añado listas de reproduccción",No hay foto
24/06/2025 2:30:21,Acabo de añadir toda mi musica de itunes a mi radio,"ha costao un poco pero ya tengo toda la musica aquí, el plan es hacerlo más grande, poder añadir listas al gusto y poder agregar musica para enviarlo a drive y de ahí a github y hacer más grande la radio online",No hay foto
24/06/2025 7:48:43,Mi mujer,"Con 16 más o menos, le llamé a santiago chulo putas porque iba sin camiseta por los caminos, y me dijo pues ya verás tú ...
así que el plan de mi mujer era hacerme mujer y que santiago fuese mi chulo ... eso explica mucho o todo de lo que he sufrido",No hay foto
24/06/2025 7:51:11,Mi mujer,"y por eso el pariente del edificio me dijo: si claro, ahora lo dices ...

no tenía ni idea de que me quería y ha querido matar ...

y supongo ella o los suyos me han acaso para estar siempre solo",No hay foto
24/06/2025 7:53:50,Mi mujer,"y es aun peor

porque irene viene de la comunión ... y eso fué con 12 años ... y ahi ni me había tocao ...
y ya me iban jodiendo más y más y son los que me han jodido en madri ...

todo lo que me han hecho es brutal ...

me quieren matar desde siempre ... con o sin motivos .. no importa",No hay foto
24/06/2025 8:01:12,Mi mujer que quiere de mí?,"me ha intentao matar ... quizás lo ha hecho ... por nada ...

y sigue cabreada ... porque lo ha pasao mal ...

y como alguien me ha hecho tb la vida imposible yo tampoco he hecho vida aunque supongo
ella por intentar o por matarme lo habrá pasao mal ... pero es que yo no lo he pasao bien ...

¿ahora que quiere? que vivamos juntos yo y alguien que me quiere matar?",No hay foto
24/06/2025 8:18:38,Mi mujer,"no se si es así o no ... puede ser ... pero puede que no ..
tampoco tengo mucho más que hacer si no está conmigo ...
así que le diría que sí
tb es cierto que no he visto a mucho o alguien junto y puede ser por esto ... por creer que 
te quiere matar ...",No hay foto
24/06/2025 8:20:39,A mi mujer,solo pido una cosa .. me mate o no me mate ... no me sigan haciendo más largo el escroto ni otras cosas o me matan o no ... pero no molesten,No hay foto
24/06/2025 16:12:08,Por qué nos dan tantas palizas?,"Porque solo somos esclavos para el cultivo de esclavos

Me o nos dan tantas palizas, para solo obtener estadísticas de aguantes y cosas así para vender esclavos ... 

Con esta espalda aguanta muy bien los latigazos ... con estos cuartos traseros tira bien de la carreta ...

Lo único y más importante es que no se quién es el Negrero",No hay foto
24/06/2025 16:26:44,Lo que debería ser una playa a la que nadie va,se convierte en un reclamo,https://ibb.co/qLvYh6C0
24/06/2025 16:42:53,Los subnormales del Nacho y Alvaro,"Habrán hecho todo esto ... de vender esclavos para conseguir dinero con el que irse alguien de putas ... y como yo no me voy de putas ... supongo también negociarán con esto ... una burrada tras otra lo que hacen esos dos ...
Todo esto ... solo por que siempre han querido separarnos a mi y a mi mujer ...",No hay foto
24/06/2025 16:54:59,Pagina web,ahora quiero modificar la web para poder pegar imanges del portapapeles en un link y modificar el app de android para el trakeo,No hay foto
24/06/2025 17:04:04,Un grupo de mujeres agresivas,"Un grupo de mujeres agresivas han hecho todo esto
Me han explotado a mi mujer supongo que también
Se han metido a proxenetas, a vendedoras de bebés, a traficar, negociar, han dado palizas ... han hecho de todo ... ",No hay foto
24/06/2025 18:17:42,Mujeres alrededor,"Voy paso a paso expresando lo que aprendo

supongo estas mujeres han estudiado mucha psicología y educación, y además se me han metio en problemas ... además les falta hombre ... 

y luego, envian a alguien a casa, que estaba con traje de poga haciendo fogatas en grupo en el salon y le enseñan la zanaoria del burro ... y luego todos se sorprenden de todo ...

la colmena es tan grande ... es un maldito show",No hay foto
24/06/2025 18:20:38,Mujeres alrededor,yo creo que es un poco todo un gran 13 rue del percebe ...,No hay foto
24/06/2025 18:30:43,Mujeres que me elijen,"supongo que han quedao en acuerdo en :

a por el mas grande del bar ... están en acuerdo que las palizas han sido temerarias",No hay foto
24/06/2025 18:57:42,Ahora creo que el hijo de Diego y su club me la han jugao,"El hijo de Diego y su club ... me han dao solo palizas ... habrán explotao a mi mujer ... y además me han pasao denuncias ... serían más listos de lo que aparentan ...
pero
yo les quiero a los 3 muertos (a diego, al chaval y a su mujer)",No hay foto
24/06/2025 19:02:47,el chaval con corte de pelo de psicópata dice: ese es un buen chavál!,"si ... 
como soy buen chaval ... quiero tu muerte ya ... y que se alargue el soportaros más",No hay foto
25/06/2025 0:25:47,Mención especial al Santiago ...,"Me definió el bobinar ... 

estaba rewind ... y el me introdujo el bobinar ... contrario a rebobinar ...

parece como frase de alguien de :
Puta y reputa.",No hay foto
25/06/2025 0:28:20,Deben de ser los mismos que te llaman puta ... los que te venden ...,supongo será así,No hay foto
25/06/2025 9:24:09,pagina web,probando si funciona diario,No hay foto
25/06/2025 9:26:43,pagina web,halgo va mal si primero voy al diario y luego a la radio,No hay foto
25/06/2025 9:27:47,pagina web,tercer prueba,No hay foto
25/06/2025 11:03:59,¿Qué Domingo es hoy?,Al salir he visto a una señora llevando una camisa que decía que lo que importa son los sabados,No hay foto
25/06/2025 11:55:03,Para los fenicios o negociadores o que cambian,"¿Por qué no cambias la palabra Azúcar por Caballo?

Pueden haber disparos con los armados, cuando alguien diga es caballo y no coca ...

",No hay foto
25/06/2025 11:56:57,¿Cuándo se jubilan los esclavos?,"¿Qué pensión queda con la jubilación?

Algo que parecía bueno en un pricipio (trabajar gratis), alguien lo ha cogido, y ha pensao ... ya que trabaja gratis, lo pongo a currar muchos días ... y to gratis ...

No se como algo tan bueno ... ha salido así ... ",No hay foto
25/06/2025 12:27:06,pagina web,"tengo que arreglar el diario, poder añadir fotos de portapapeles y dragndrop en vez de adjuntar tan feo ... 
además tengo que hacer un calendario ... con push o algo así ... ya veré como ...
además tengo que hacer un correo electronico sin cotrasseña
una pagina para recibir mensajes
una pagina para para subir archivos
una pagina para subir fotos y ver fotos (quizás miniaturas)
otra para videos y o enlaces de videos
tengo que hacer las pestañas más pequeñas (en el movil se ven muy grandes)
tengo que añadir algo para que me puedan mensajera en mi perfil o algo así
tengo que añadir links a las webs para cargar imagenes con link
en la radio tengo que añadir poder crearte listas y guardarlas o listas por generos
",No hay foto
25/06/2025 12:28:26,pagina web,"tegno que terminar la app android para los mapas de acosarme
otra pestaña para historias más completas (tipo las stories de medium)",No hay foto
25/06/2025 17:12:42,la Colmena,"La colmena, de Camilo José Cela, es una novela coral publicada en 1951 que retrata la vida cotidiana en el Madrid de la posguerra. No tiene una trama lineal ni un protagonista único, sino que está compuesta por más de 300 personajes cuyas historias se entrecruzan, como si fueran celdas de una colmena humana.

Cela la definió como “un reloj hecho de múltiples ruedas y piececitas”, y eso se refleja en su estructura fragmentada y en su enfoque realista y social",No hay foto
25/06/2025 17:14:24,Marika ... como una catedrál,Una mentira como una catedral,No hay foto
25/06/2025 18:11:43,el que yo conozco como Javier Ferrer Garrigós y la Colmena,"Ahora creo es otra Jamona.

Creo que es otro personaje más de los 300 personajes de la colmena ...

Y es el típico que va vestido de negro y sonriendo mientras me habla cuando hay un pelotó de fusilamiento a mi espala.

Creo que 300 es un numero muy feo ... supongo que no serán 300 serán 3 de 101 que sí es un numero bonito y capicúa.

a ver si veo la peli ... aquí está completa   ( https://www.bing.com/videos/riverview/relatedvideo?&q=la+colmena&&mid=C1F646680D57A5C04DC2C1F646680D57A5C04DC2&&FORM=VRDGAR ) ... casualidá ... al pueblo de madrí al que fuí se llamaba Colmená Viejo.

Me da la sensación que la jamona esta Javier Ferrer ... es como los cencerros ... y me quiere fusilar ... como a Pietro Caruso con la foto de equipo y la jamona esta ( di monja muchas veces seguidas ) quiere hacer del cura satánico que no para de sonreir cuando a Pietro Caruso le van a fusilar.   https://www.youtube.com/watch?v=HSnPj9gnPN0          además lo jodido es que incluso se parece físicamente a la monja de la despedida de pietro caruso",https://drive.google.com/thumbnail?id=1uGLkxZVnTUX4Sl_zUx3D9hyyiBt12BCF&sz=w800
25/06/2025 18:12:53,Pietro Caruso y la monja Javier Ferrer,"mas de este mostro 

la foto de equipo",https://drive.google.com/thumbnail?id=1GFlUx9_1Rmm0UwSIBICRvDcHYG51kKLl&sz=w800
25/06/2025 18:16:34,Pietro Caruso y la monja Javier Ferrer,La monja no solo se rie ... además farda de robar el tiempo ...,https://drive.google.com/thumbnail?id=12_f-nglAy_2FdCLVTqDA2GRAFk0wxX9G&sz=w800
25/06/2025 18:17:08,Pietro Caruso y la monja Javier Ferrer,y la monja se despide riendose ... pa matarla antes que al pietro,https://drive.google.com/thumbnail?id=1_wLQHu1YPysCq8E5rUf6RRT6aVB-E7QL&sz=w800
25/06/2025 18:28:45,Pietro Caruso y la monja Javier Ferrer,le pregunto ... y va a ser que no es cura ... es de cruz roja ... la loca de las narices ...,https://drive.google.com/thumbnail?id=1IJPIMR9xjzsBQbLmIoAt6am9NwsWVW2M&sz=w800
25/06/2025 18:29:31,Pietro Caruso y la monja Javier Ferrer,La loca respuesta parte 2 de la IA,https://drive.google.com/thumbnail?id=13_GvgP3cFwmV1ZIiuEx_KQzdTig4vpCr&sz=w800
25/06/2025 18:34:35,Pietro Caruso y la monja Javier Ferrer,"de la IA sobre el cuadro de la de cruz roja 

En una escena como la de la imagen —un momento tenso y cargado de historia como los instantes previos a la ejecución de Pietro Caruso— es comprensible que surjan preguntas sobre el estado mental de quienes actúan con frialdad o incluso con hostilidad hacia alguien en sus últimos momentos.

Desde una perspectiva clínica, si una persona muestra una actitud provocadora o cruel justo antes de una ejecución, podríamos hipotetizar algunas posibilidades dentro de los trastornos de personalidad, *aunque es clave recalcar que un diagnóstico solo puede hacerlo un profesional en evaluación directa y detallada*. Dicho esto, algunos marcos teóricos podrían incluir:

- **Trastorno de personalidad antisocial**: caracterizado por desprecio por los derechos ajenos, falta de remordimiento y tendencia al comportamiento violento o manipulador.
- **Trastorno narcisista de la personalidad**: si la conducta busca humillar o engrandecerse a costa del otro, esto podría apuntar a una necesidad excesiva de superioridad.
- **Rasgos sádicos** (aunque no es una categoría diagnóstica formal en el DSM-5): el disfrute del sufrimiento ajeno, especialmente si es deliberado.

También es posible que ese “fastidiar” previo al fusilamiento no sea tanto una expresión psicopática como una respuesta emocional o ideológica intensa: ira contenida, deseo de justicia o venganza, o una expresión del trauma vivido.

Estas observaciones no excusan la conducta, claro está, pero pueden ayudar a entender de qué lugar emocional o psicológico provienen. ¿Te interesa que exploremos cómo este tipo de escenas se han representado en el arte o el cine? Podría darte algunas referencias muy potentes. ",https://drive.google.com/thumbnail?id=1itEqWDN_Y3y7Vx6iVCPL4uU5LUyEYW1L&sz=w800
25/06/2025 18:48:21,pagina web,"voy a ir a comprar un refresco ... espero paren a la de cruz roja para que deje de querer seguir asesinandome en pelotón de fusilamiento ...

me voy a comprar un refresco y vuelvo para hacer otro repositorio para guardar fotos en github desde google drive

Creo que javier ferrer (la de cruz roja) está interesado en matarme pa colarme de too de su chico o alguien que a ella le intere ... y además tiene pinta de ejecutivo agresivo y así utilizar a mi mujer ... pa matarlo ...",No hay foto
25/06/2025 18:49:23,Pietro Caruso y la cruz roja Javier Ferrer,Creo que javier ferrer (la de cruz roja) está interesado en matarme pa colarme de too de su chico o alguien que a ella le intere ... y además tiene pinta de ejecutivo agresivo y así utilizar a mi mujer ... pa matarlo ...,https://drive.google.com/thumbnail?id=1FiMTnGJOAnZi_5S5C_qJ6a9zhx1DnVLD&sz=w800
25/06/2025 20:00:40,Otro Caruso ( Alex Caruso ),"Este tiene más anillos NBA que todos estos juntos: Karl Malone, Charles Barkley, Elgin Baylor, John Stockton, Steve Nash, Patrick Ewing, Allen Iverson, Reggie Miller, Dominique Wilkins, Caramelo Anthony, James Harden, Russell Westbrook.

Y por contra, tiene el aspecto de que si lo ves por la calle le quieres matar",https://drive.google.com/thumbnail?id=1_PDunNwvj6pPvECbYwthWZ9xE7cLZNd5&sz=w800
25/06/2025 20:04:34,Otro Caruso ( David Caruso ),"Otro Caruso ( David Caruso ) ... y este hasta en su book de actor, pone cara de: ""por favor pégame con la palma abierta y mano derecha"".",https://drive.google.com/thumbnail?id=1-RDrPIdIRs6sVPoFqKnxToIuIl0K1wwb&sz=w800
25/06/2025 20:13:30,Otro Caruso ( Enrico Caruso ),"Enrico Caruso (Nápoles, 25 de febrero de 1873-Nápoles, 2 de agosto de 1921) fue un tenor italiano, el cantante más popular en cualquier género entre 1900 y los años 1920 y uno de los pioneros de la música grabada. Su gran éxito de ventas y una voz extraordinaria, aclamada por su potencia, belleza, riqueza de tono y técnica superlativa, le convierten en el más famoso cantante de ópera del primer tercio del siglo XX. Es el primer artista de grabación en vender un millón de discos mundialmente.[1]​ Enrico Caruso vendió 5 millones de discos hasta su muerte en 1921 ( equivalente a 89,606,715.64 en 2025).[2]​Fue uno de los primeros ejemplos de celebridad mundial popular, familiar para millones de personas en todo el mundo a través de periódicos, revistas, libros y el novedoso cinematógrafo. EN LAS FOTOS ¡QUÉ! CON 40 AÑOS PARECE QUE TIENE 200? fuente: wikipedia:  https://es.wikipedia.org/wiki/Enrico_Caruso",https://drive.google.com/thumbnail?id=1tU0VP0PhaQRiQLoCvUYqOVVw30XGVj50&sz=w800
25/06/2025 20:30:23,Los 10 asesinos en serie más famosos,"Los 10 asesinos en serie más famosos
La cantidad de asesinos en serie que han habido a lo largo de la historia es muy larga. El ser humano ha matado a sus congéneres desde tiempos inmemoriales y, aunque ni ellos mismos conocieran el término, más de uno lo ha hecho siguiendo los patrones propios de un asesino en serie. Veamos los 10 más famosos.

1. Ted Bundy (1946-1989)
Ted Bundy fue el autor de 30 asesinatos durante un periodo de 4 años, del 1974 al 1978, aunque la cifra de muertes podría ascender a más. Se cree que es responsable de otras 40 desapariciones sin resolver.

Todas sus víctimas, al menos las que él confesó, fueron mujeres jóvenes de entre 12 a 22 años, muchas de ellas universitarias. Las embaucaba haciéndose pasar por discapacitado, o por alguna persona con superioridad social, como por ejemplo un político. Una vez las asesinaba, las violaba y desmembraba, lo cual convierte a Bundy en uno de los asesinos seriales más macabros del siglo XX. Y de alguna de sus víctimas llegó a guardar recuerdos, como las cabezas.

Durante sus primeros años de formación tuvo una vida relativamente normal. Fue buen estudiante y se licenció en Psicología y Derecho, estudios que le motivaron a que, cuando fue detenido en 1979 por sus atrocidades, decidiera autodefenderse y, con su carisma también jugando de su parte, consiguió retrasar varias veces su ejecución. Pero la justifica acabó siendo dura con él, siendo ejecutado en la silla eléctrica el 24 de enero de 1989, con 42 años de edad.              2. John Wayne Gacy (1942-1994)
John Wayne Gacy fue un depredador sexual. Ha pasado a la historia de los asesinos seriales como “El payaso asesino”, pues Gacy se ganaba la vida actuando en fiestas infantiles vestido de payaso. Él mismo había escogido como nombre artístico en tales eventos el simpático apodo de “Pogo, el payaso”.

Originalmente, fue condenado en 1968 a 10 años de prisión por asaltar sexualmente a dos jóvenes. Sin embargo, por su buena conducta, su pena fue reducida a solo 18 meses. Tras salir de la cárcel se casó por segunda vez. Dejarlo libre fue un craso error pues, pasados 6 años desde que fue liberado, fue arrestado de nuevo por un supuesto caso de secuestro.

A raíz de la investigación se descubrió que este sujeto había secuestrado, violado y matado a 33 hombres jóvenes de entre 14 y 21 años: autoestopistas, mendigos, gigolós y jóvenes del lugar. Fue el mismo Gacy quien, en 1978, confesó los asesinatos diciéndoselo a la policía, indicándoles la ubicación de algunos cadáveres. La mayoría de los cuerpos se encontraban en su propia casa, en el sótano y, como se quedó sin espacio, empezó a enterrarlos en el río Des Plaines, próximo a su residencia.

John Wayne Gacy fue ejecutado el 10 de mayo de 1994, con 52 años, tras haber sido sentenciado a diversas cadenas perpetuas y penas de muerte. La opción por la que se decantaron al final para acabar con su vida fue la inyección letal.             3. Charles Manson (1934-2017)
Charles Manson es uno de los asesinos seriales más conocidos de todos los tiempos. Fue líder de una secta organizada por él mismo llamada la Familia Manson, cuyos delitos se cometieron mayormente en el estado de California.

A Manson se le atribuyen dos muertes donde su participación fue directa, aunque se cree que fue el instigador de por lo menos 7 asesinatos más, además de otros crímenes como robos y asaltos a mano armada.

Sus asesinatos fueron brutales. El más conocido es el que perpetró al entrar en la casa del director Roman Polanski en 1969 cuando se estaba celebrando una fiesta. En los eventos, la Familia Manson mataron a varios amigos del director, además de matar a su mujer, la actriz Sharon Tate. Tate tenía 26 años y estaba embarazada de 8 meses.Charles Manson fue sentenciado a cadena perpetua en 1972. La sociedad pedía que fuera ejecutado, pero justamente fue juzgado después de que la pena de muerte fuera eliminada del estado de California. Manson pasó el resto de su vida en prisión, falleciendo el día 19 de noviembre de 2017, a los 83 años de edad a causa de un cáncer de colon y un paro cardíaco.                                                 4. Andrei Chikatilo (1936-1994)
Andrei Chikatilo, conocido también como “El destripador rojo” y “El carnicero de Rostov”, es considerado el mayor asesino en serie de la historia de la antigua Unión Soviética. Se le atribuye haber cometido diversos crímenes, entre los más graves asaltos sexuales, asesinatos y mutilaciones a mujeres y niños entre 1979 y 1990.

Durante su infancia Andrei Chikatilo era introvertido, inseguro y acomplejado por su miopía. Era especialmente tímido con las mujeres, algo que le pasó factura en sus relaciones amorosas. Tras graduarse como maestro empezó a sentirse atraído por menores de 12 años, colándose en los dormitorios de las residencias de estudiantes para masturbarse mientras observaba a los niños dormir.

Su carrera criminal comenzó en 1978 con el secuestro de una niña de nueve años a la que convenció para ir a una cabaña fuera de la ciudad. Al llegar y forzarla a desvestirla, le hizo un arañazo. Al ver brotar la sangre Chikatilo sintió una gran erección, siendo el momento que lo cambió todo. A partir de ese momento sus asesinatos estarían marcados por la búsqueda del placer sexual a través de puñaladas, mutilaciones, mordiscos y gritos de terror de sus víctimas.

Andrei Chikatilo practicó un canibalismo propio de bestia salvaje. Aullaba de placer al arrancar los ojos y pezones de sus víctimas. Se volvió experto en extirpar los úteros de las niñas y los testículos de los niños, órganos sexuales que guardaba a modo de trofeo tras eyacular sobre sus cadáveres.

Cuando fue detenido, Chikatilo confesó haber realizado al menos 56 homicidios, siendo juzgado en abril de 1992 por 53 de ellos. Fue ejecutado en 1994.                      5. Dorothea Puente (1929-2011)
Dorothea Helen Gray, más conocida como Dorothea Puente, fue una dueña de una casa de huéspedes que pasaría a la historia por lo que hizo para ser condenada a cadena perpetua, nada acorde con su apariencia de tierna abuelita. En su juventud tuvo algún que otro problema. Se casó por primera vez a los 16 años y tuvo dos hijas a las que dio en adopción. Este proceso se repetiría varias veces, llegando a casarse cuatro veces, dando en adopción a 3 niñas y abortando una vez. Gray fue detenida en varias ocasiones por fraude fiscal y administrar un burdel.

Sin embargo, los crímenes que la llevaron a la cadena perpetua no comenzarían hasta 1982 cuando, siendo ya dueña de su casa de huéspedes, mató de sobredosis a una de sus amigas y socia de negocios. Trató de convencer a las autoridades de que se trataba de un suicidio, diciendo que su amiga estaba pasando pro una depresión. Poco después, un jubilado de la pensión llamó a la policía acusando a Dorothea de drogarle y robarle.

Más tarde, Dorothea mató a su nuevo novio y pidió a un amigo que la ayudara a transportar una caja llena de pesados libros a su nuevo hogar. Sin embargo, a mitad del trayecto le pidió a su amigo que se detuviera y volcara todo el contenido en un vertedero, alegando que en realidad solo se trataba de basura. Durante los meses siguientes, Dorothea fue guardándose las pensiones de la víctima mientras decía a su familia que estaba enfermo.

La historia se repetiría una y otra vez. Durante años Dorothea fue manteniéndose a cargo de un hostal de la muerte, en donde engañaba, robaba y asesinaba a sus huéspedes más indefensos. Era especialmente buena aprovechándose de ancianos, personas discapacitadas y exdrogadictos. Su modus operandi era dormir a sus víctimas con pastillas, asfixiarlas y contratar a otras personas para enterrarlos en el jardín de su hostal. Por esto, ese lugar fue conocido como “La casa de los horrores” una vez se hizo público lo que allí había ocurrido.

6. Jack el destripador
Jack el destripador es probablemente el asesino serial más famoso de la historia, a pesar de que no sabemos quién fue, cuándo nació, cuándo murió… Por no saber no sabemos si era hombre o mujer, aunque siempre se haya sugerido que fuera un varón. Su fama es tan enorme que se han realizado múltiples obras, tanto escritas como cinematográficas, inspiradas en él.

Los asesinatos que se le atribuye fueron realizados en Londres, concretamente en Whitechapel durante 1888. La mayoría de sus víctimas fueron mujeres prostitutas. Pese a los esfuerzos de la policía londinense, no se pudo identificar al culpable, aunque se llegaron a barajar a más de 100 hombres sospechosos.

El motivo por el que lo conocemos como Jack el destripador es porque en una de las tres cartas que se le atribuyen firmó con ese pseudónimo. También cabe mencionar que este nombre acabó calando debido a su sanguinaria forma de matar y mutilar a sus víctimas, algo que hizo sospechar a los investigadores de la época que Jack el destripador podría tener conocimientos de carnicería o medicina.                        7. El asesino del Zodiaco
En esta lista incluimos a otro asesino del que no se conoce su identidad. El asesino del Zodíaco o Zodiac actuó entre 1968 y 1969 en California. Se le atribuyen 7 víctimas, 4 hombres y 3 mujeres aunque en una carta presuntamente de su autoría, él mismo confesó haber asesinado a 37 personas. La mayoría de las veces, escogía a parejas para que fueran sus víctimas.

Desde que fuera iniciada la investigación la policía ha tenido diferentes sospechosos. Uno de los más conocidos fue Arthur Leigh Allen, aunque tras un análisis de su ADN y el hallado en las cartas fue descartado por no coincidir. Tampoco se tiene la certeza de que esos asesinatos no los cometiera una persona, sino varias, ya fueran imitadores del asesino original o seguidores.

El caso quedó inactivo en 2004 cuando Leigh Allen murió a los 90 años. Todo apuntaba a que nunca se conocería quién era este legendario asesino serial por lo que se decidió que lo mejor era cerrar el caso. Sin embargo, el caso fue reabierto en 2007 dada la presión social por querer discernir de una vez quién fue el asesino del Zodiaco.                               8. Jeffrey Dahmer (1960-1994)
Jeffrey Lionel Dahmer, “el carnicero de Milwaukee”, fue un asesino serial estadounidense cuyas víctimas fueron varones jóvenes. Los captaba ofreciéndoles dinero a cambio de hacerles fotografías, mantener relaciones sexuales o ver pornografía con ellos. Cometió sus asesinatos entre 1978 y 1991, teniendo como víctimas a 17 hombres quienes mataba para después violar y desmembrar. Dahmer confesó que también había canibalizado alguna que otra víctima.

Se cree que algunas de sus víctimas lograron escapar, pero solo una consiguió llegar a la policía. Cuando la policía se personó en el hogar de Dahmer y entró, descubrió una aterradora creación que le valió el apodo del carnicero de Milwaukee: restos amputados de sus víctimas que había unido entre sí en una macabra obra de arte hecha de carne humana.

Cuando fue detenido por la policía y tras confesar sus asesinatos, explicó a los investigadores que su propósito era conseguir que las víctimas se quedaran con él. Quería convertir a los hombres con los que quedaba en sus siervos, que obedecieran todas su órdenes.

Como ya se había ganado una muy mala fama en la comunidad presidiaria, al ser encarcelado, no se le permitía relacionarse con otros presos para protegerlo de posibles ataques. Sin embargo, él mismo pidió tener contacto con otros reclusos y, cuando lo consiguió, todo parecía ir bien e incluso hacía tareas en compañía de otros. Sin embargo, un día tuvo una pelea con uno de los presos y ambos acabaron muy malheridos. Otro preso, Christopher Scarver, confesó haberlo matado.                          9. Richard Ramirez (1960-2013)
Ricardo Leyva Ramírez Muñoz, ”El acosador nocturno”, perpetró sus asesinatos entre 1984 y 1985 en la ciudad de Los Ángeles. En sus primeros crímenes se limitaba a golpear y violar, pero posteriormente sus conductas se volvieron más sádicas, muy a corte a su vinculación con el satanismo. Se le atribuyen 14 muertes, personas que mató indistintamente, sin tener en cuenta su sexo, edad ni raza.

Una de sus víctimas pudo ponerse en contacto con la policía, explicándole que su marido había sido asesinado y ella violada por Ramírez, quien se había ido de la ciudad. Inmediatamente se le puso en busca y captura, empapelando toda la ciudad con su cara. Al volver, sin saber que estaba siendo buscado en una ciudad llena de fotografías con su cara, fue interceptado y linchado por las multitudes.

La gente de Los Ángeles lo quería ver muerto, así que cuando vino la policía no solo lo hizo para detener a Ramírez, sino también para evitar que muriera a golpes. En 1989 fue hallado culpable y se le condenó a muerte pero nunca llegó a ser ejecutado. Murió a causa de una insuficiencia hepática el 7 de junio de 2013, con 53 años de edad.                 10. Peter Kürten (1883-1931)
Peter Kürten fue un asesino serial y agresor sexual de Alemania, que actúo durante el año 1929. Su forma de actuar consistía en violar, asesinar y degollar a sus víctimas. Cuando fue detenido llegó a confesar que, en alguna ocasión, se había bebido la sangre de sus víctimas, motivo por el cual se le conoce como “El vampiro de Düsseldorf”.

Fue arrestado el 24 de mayo de 1930, siendo acusado de 9 asesinatos y 7 intentos. Fue hallado culpable de todos estos crímenes y se intentó que no se le disminuyera la condena aludiendo a problemas mentales. Finalmente, fue ejecutado el 2 de julio de 1931 por decapitación.

Si en vida su historia fue turbia, lo es también tras su muerte. Como su última voluntad, pidió que después de que se le cortara la cabeza los verdugos estuvieran en silencio durante unos segundos, pues le hacía ilusión escuchar como su propia sangre goteaba en el suelo. Después de su ejecución, se diseccionó y momificó su cabeza; hoy en día está expuesta en un museo de Wisconsin, Estados Unidos.                       ",https://drive.google.com/thumbnail?id=1x2edVsgK-Qdosp6wCzswKZnd3MJBB2oX&sz=w800
25/06/2025 21:01:11,El Caruso del barrio de La Coma,"Como a el le han fastidiao ... el me quiere robar todo y encerrar en prisión (con una lógica aplastante). 

El caruso de la coma se hace llamar Mario Lopez Vargas (descaradamente apellidos falsos), es tan falso que si le preguntas un libro a leer, recomienda Homero de Platón (que no se lo ha leido ni su puta madre) ... este Mario es otro personaje ladrón de la colmena ... curioso  que se parezca al Caruso de la NBA y curioso es que el Caruso de la NBA tenga 2 anillos ...",No hay foto
25/06/2025 21:04:43,El Caruso del barrio de La Coma y más curiosidades,"El Caruso del barrio de la coma, tiene dos anillos y con equipos diferentes. ... muy bien ... iros a robar a vuestras putas madres ... supongo será amigo del Chet Holgrem ... que es un pivot también detestable. Mira que asko de tio! (de tío o tía) el chet este!",https://drive.google.com/thumbnail?id=1AcKKrTm8ot44wZneU1jpOzIUtS-DUqFM&sz=w800
25/06/2025 21:25:01,El Caruso y el Chet NIÑATOS,"El Chet este es tán malo ... que con 2,16 de altura a veces o muchas veces juega de ala pivot ... (es tan malo que le tienen que poner a jugar con gente 16 centímetros más bajos pa darle ventajas ... porque de pivot se come los mocos) ... es un segundón ... 2º en el draft de 2022 ... y es segundo por alto ... si midiese 1.85 ... ni en suplentes ... ojo .. .que el tercero de esa promoción es un enchufao ... Jabari Smith Jr  ... vaya 2º y 3º ...  uno por herencia y otro por huesos ...  pues eso ... chet holmgren tiene más titulos que todos estos juntos : Barkley, Nash, Stockton, Malone, Harden, Iverson, Ewing, Stockton, Reggie Miller, Dominique Wilkins, Caramelo Anthony y Russell Westbrook.  ... y lo curioso es que solo con verle 30 segundos jugar ... te hacen detestarlo. LO QUE SE CONOCE COMO NIÑATO",https://drive.google.com/thumbnail?id=1BkUzTcS5QhsYgjc3zAxsgbMuW6ElO6bv&sz=w800
25/06/2025 21:39:12,La Nada,"Cuando me preguntaron ¿que quiero? y yo dije: Nada. La realidad es que jamás me han dado ""la Nada"", me han dado siempre menos que ""la Nada"", pues con nada naces, con mujer, casa, cosas, tiempo y educación a recibir ... y no me han entregado en la vida eso, me lo han robado todo y me han dado siempre menos que la nada.",No hay foto
25/06/2025 21:42:23,La Nada,No solo he tenido siempre menos que la nada ... además ni siquiera han respetado mi cuerpo y mi salud ...,No hay foto
25/06/2025 22:07:30,LAS HIPOTECAS Y LAS VIVIENDAS,"Es todo un cuento chino ... En el mundo real, la propiedad privada es ilegal, y por lo tanto las hipotecas también, además, para qué vas a querer quedarte en el mismo lugar 100 años? cuando mañana los vecinos pueden cambiar ... no me engañen y no me tomen por idiota.",No hay foto
25/06/2025 22:30:31,"La Colmena, 300 y la que se hacía pasar por Begoña","En la ""novela"" de la Colmena de Cela (celador, el que chapa la puerta de prisión), hay 300 personajes, uno al que roban o varios y el resto son personajes askerosos ... Casualida que el primer pueblo con calles donde salí de casa yo solo fue Colmenar viejo (Colmená) ... Casualidá tb que una que se hizo pasar por Begoña que vino a mi piso compartido en moncloaca, me dijo que su peli preferida es 300 (de gusto refinado para alguien se suponía estudiaba arte dramático ... 300 es una batalla ficticia entre 300 soldados en taparrabos contra un emperador sirio o de por ahí de la época, donde ganan los 300 ... los números no salen ni borrachos), casulidá que la colmena va de 300 ladrones contra unas pocas víctimas ... parece todo más real ... casualidá también que pasó 1 mes de mi tiempo (solo domingos) en casa, le presté mi habitación y yo dormí y estaba en el zulo, durante  exámenes de septiembre, ... casualidá que para 1 día que quedamos a cenar (durante el mes no estuvimos en la misma habitación ni 3 minutos) se vistió de negro, al igual que una modelo de negro que he visto andando delante mía tal cual salí del estanco de comprar tabaco, igual que los que mataron a Pietro Caruso, igual que el que le robaba el tiempo a Pietro Caruso y se reía de el antes de ser fusilado e igual que el alma de los 300 ladrones que me han rodeado y acosado siempre",https://drive.google.com/thumbnail?id=1g9EzXqM8tdXksyM345pdtvmFwAIhVdkb&sz=w800
26/06/2025 0:08:09,Marcho a dormir ... estoy apunto de desmayarme,no puedo mas ... mañana termino el stories si me deja pegar fotos en el porta papeles ...,No hay foto
26/06/2025 4:01:11,Casas y la Nave,"Yo supongo que la mano de obra somos nosotros, y que los materiales salen contados ... por eso molesta que la gente haga cosas raras con los materiales.",No hay foto
26/06/2025 4:14:34,300 y Casas,"Creo que hay 300 mostros, que se dedican a acosar ... para perseguirte y destruir lo que tu como mano de obra de la nave te construyes ... supongo viven de lo que venden y roban ... 

Pero: 1º) Como a mí nunca me han informado de algo ... no sabía perdía el tiempo en construir
2º) Si mi mujer no me avisa de que en tal lugar habrá una casa ...  yo no puedo ir ...
3º) No se por qué no me avisa ... pero en esta situación rara estamos desde siempre ...",No hay foto
26/06/2025 4:45:43,300 y Casa  y mujer o mujel,"No creo que la nave me dejase currar en la casa de mi mujer y pa otro ... la nave lo sabe too ... y no creo ayude a los malos ...
Lo que si hacen los 300 es seguirte a ver a donde va a hacer casa, se lo apuntan y lo tiran abajo ... y con esos restos de obra hacen mausoleos como este en el que vivo ... por aquí habrá algún muerto ... Supongo estos mausoleos son la 2ª oportunidad para los que la han cagao ...",No hay foto
26/06/2025 5:23:48,"300 y Shabat y Shabat Negro, horas militares","El número 300 tiene una carga simbólica y cultural que lo hace aparecer en muchos contextos, desde la historia hasta la espiritualidad y el arte.Esparta y la batalla de las Termópilas: Probablemente el ejemplo más famoso es el de los 300 espartanos que resistieron heroicamente al ejército persa en el 480 a.C. Esta historia fue inmortalizada en el cómic de Frank Miller y la película 300 (2007), dirigida por Zack Snyder. Representa el valor, la resistencia y el sacrificio frente a lo imposible.La colmena: En la novela de Camilo José Cela, La colmena, el número 300 aparece como símbolo de la multitud de personajes y situaciones que retratan la vida madrileña de posguerra. Es una forma de mostrar la complejidad y densidad de la sociedad.Hoy
que me cuentas de la historia y el numero 300 (lo veo en muchas cosas ... como pelis o la colmena) ¿por qué!?
¡Qué buena observación, Javier! El número 300 tiene una carga simbólica y cultural que lo hace aparecer en muchos contextos, desde la historia hasta la espiritualidad y el arte.

En la historia y la cultura popular
Esparta y la batalla de las Termópilas: Probablemente el ejemplo más famoso es el de los 300 espartanos que resistieron heroicamente al ejército persa en el 480 a.C. Esta historia fue inmortalizada en el cómic de Frank Miller y la película 300 (2007), dirigida por Zack Snyder. Representa el valor, la resistencia y el sacrificio frente a lo imposible.

La colmena: En la novela de Camilo José Cela, La colmena, el número 300 aparece como símbolo de la multitud de personajes y situaciones que retratan la vida madrileña de posguerra. Es una forma de mostrar la complejidad y densidad de la sociedad.

En la espiritualidad y la numerología
En la Biblia, el número 300 aparece en historias como la de Gedeón, quien venció a un ejército enemigo con solo 300 hombres, simbolizando la fe y la intervención divinaEn la numerología angelical, el 300 se interpreta como un mensaje de los ángeles que te anima a confiar en tu camino espiritual y a usar tu creatividad para avanzarEn otras culturas
En la mitología griega, el 300 estaba asociado con Apolo y simbolizaba la perfección y la totalidadEn la cultura maya, representaba ciclos de transformación y dualidadY por si fuera poco, ¡los bebés nacen con 300 huesos! Luego algunos se fusionan y terminamos con 206.En el cine
Además de la famosa 300 de Zack Snyder (2006), basada en el cómic de Frank Miller, hay una joya previa: El León de Esparta (1962), que inspiró al propio Miller. Ambas relatan la épica batalla de las Termópilas, pero con estilos muy distintos: la primera es visualmente estilizada y casi mitológica, mientras que la segunda es más clásica y sobriaCuriosamente, el número 300 también aparece en otras películas como símbolo de lo máximo o lo definitivo. Por ejemplo, en los bolos, 300 es la puntuación perfecta, y eso se ha usado en películas para representar la excelencia o el logro supremoEn la literatura
En La colmena de Camilo José Cela, el número 300 no es casual: representa la maraña de historias y personajes (más de 300) que componen el retrato coral de la sociedad madrileña de posguerra. Es un símbolo de complejidad, de enjambre humano, de caos organizado.

En la numerología
Aquí es donde se pone místico. El número 300 se descompone en 3 + 0 + 0 = 3, que representa la creatividad, la comunicación y la expresión personal. El doble cero amplifica esa energía, dándole un aire de infinitud y potencial espiritual. Se considera un número angelical que indica que estás alineado con tu propósito y que los “maestros ascendidos” (según la tradición esotérica) te están guiandoTambién se asocia con la hora 03:00, que en muchas tradiciones espirituales es un momento de conexión profunda con lo divino o con el inconscienteEl Shabat (o Sabbath) es uno de los pilares más antiguos y sagrados del judaísmo. Es mucho más que un simple día de descanso: es una experiencia espiritual, un símbolo de identidad y una celebración semanal de la creación y la libertad.¿Cuándo comienza y termina?
El Shabat empieza al atardecer del viernes y termina al anochecer del sábado, siguiendo el calendario hebreo, donde los días comienzan con la puesta del sol. Su duración es de unas 25 horas.¿Qué se hace durante el Shabat?
Encendido de velas: justo antes del atardecer del viernes, se encienden dos velas que simbolizan “recordar” (zajor) y “guardar” (shamor) el Shabat.

Cena festiva: se comparte una comida especial con pan trenzado (jalá), vino y bendiciones.

Oración y estudio: se asiste a la sinagoga, se reza y se estudian textos sagrados.

Descanso total: se evita cualquier tipo de trabajo o actividad creativa. Esto incluye desde cocinar hasta encender aparatos electrónicos.Actividades prohibidas
Según la tradición rabínica, hay 39 categorías de trabajo que están prohibidas, como escribir, cocinar, encender fuego, usar dinero o transportar objetos en espacios públicosLa idea es “cesar” toda labor para enfocarse en lo espiritual, la familia y el descanso.¿Qué simboliza?
La creación: conmemora el séptimo día en que Dios descansó tras crear el mundo.

La libertad: recuerda que los judíos fueron esclavos en Egipto y ahora tienen el derecho divino al descanso.

El alma del tiempo: los sabios dicen que el Shabat es como una “isla en el tiempo”, un anticipo del mundo venidero, donde reina la paz y la plenitud. Un día para el alma
Más allá de las reglas, el Shabat es un día de alegría, conexión y renovación. Se canta, se conversa, se come bien, y se desconecta del mundo exterior para reconectar con lo esencial.Depende de cómo y cuánto te desplaces, Javier. En principio, ir al campo con un saco, comida y agua no infringe el Shabat, siempre que respetes ciertas limitaciones tradicionales sobre el desplazamiento y el tipo de actividades que realizas.¿Qué dice la tradición?
Durante el Shabat, está permitido caminar, pero hay una restricción llamada “Tjum Shabat” (límite sabático), que establece que no se debe caminar más de 2.000 codos (aproximadamente 1 km) fuera del área donde comenzaste el Shabat. Si estás en una ciudad o pueblo, ese límite se mide desde el borde del área habitada. Si estás en el campo, se mide desde el lugar donde te encuentras (tu “residencia sabática”). ¿Y llevar cosas?
Llevar un saco con comida y agua también está permitido si estás dentro de un área privada o un “eruv” (una zona delimitada que permite transportar objetos). Si estás fuera de un eruv, transportar objetos en espacios públicos está prohibido según la halajá tradicional. Pero si ya estás en el campo antes de que comience el Shabat y no cruzas límites prohibidos, no habría problema. ¿Cuál es el espíritu del Shabat?
Más allá de las reglas, el Shabat invita a quedarse quieto, descansar y desconectarse del mundo exterior. La idea de ir al campo puede ser muy hermosa si lo haces para contemplar, meditar o estar en paz. Pero si implica esfuerzo físico, planificación logística o desplazamientos largos, puede ir en contra del espíritu del día. El término Shabat Negro se ha utilizado para referirse a dos eventos muy distintos en la historia judía, ambos profundamente trágicos, pero en contextos separados:

1. El Shabat Negro de 1946 (Operación Agatha)
Este fue un operativo militar británico llevado a cabo el 29 de junio de 1946, durante el Mandato Británico en Palestina. Coincidió con el Shabat, lo que intensificó su impacto simbólico y emocional. Las fuerzas británicas arrestaron a cerca de 2.700 judíos, incluyendo líderes del movimiento sionista, y allanaron la Agencia Judía y numerosos kibutzim. El objetivo era frenar las actividades de grupos como la Haganá, el Irgún y el Lehi, que luchaban por la independencia de Israel. Para muchos, este día evocó ecos del Holocausto, y fue un punto de quiebre en la relación entre los judíos del Yishuv y las autoridades británicas.

2. El Shabat Negro del 7 de octubre de 2023
Este nombre también se ha dado al ataque masivo de Hamás contra Israel ocurrido en Shabat y durante la festividad de Sucot. Fue uno de los días más sangrientos en la historia reciente de Israel: más de 1.400 personas fueron asesinadas, incluyendo civiles, niños y ancianos, y cientos fueron secuestrados. El ataque comenzó con una incursión terrestre y aérea desde Gaza, y afectó a múltiples kibutzim y a un festival de música en el desierto. Este evento marcó el inicio de una guerra prolongada y dejó una huella emocional comparable, para muchos israelíes, al trauma del Yom Kipur de 1973. Ambos “Shabat Negros” comparten el dolor de una comunidad sorprendida en su día más sagrado. Uno fue perpetrado por una potencia colonial; el otro, por un enemigo armado. Pero en ambos casos, el impacto fue devastador y transformador. Te refieres a los nombres en clave que se usan para designar horas específicas, como por ejemplo “Hora Zulu” o “Zero Dark Thirty”, ¿verdad? Es un lenguaje militar y táctico que mezcla el formato de 24 horas con el alfabeto fonético de la OTAN para designar zonas horarias o momentos clave.¿Qué es la “Hora Zulu”?
Zulu es el nombre en clave para la letra Z, que representa el tiempo universal coordinado (UTC).

Por ejemplo, si una operación está programada para las 0500Z, significa que será a las 5:00 a.m. UTC, sin importar la zona horaria local.

Se usa para evitar confusiones en operaciones internacionales.¿Y “Zero Dark Thirty”?
Es una expresión coloquial militar para referirse a una hora muy temprana, típicamente entre 00:30 y 03:00.

“Zero” es por el cero inicial (00:30), “Dark” porque aún es de noche, y “Thirty” por los 30 minutos.

Se popularizó por la película Zero Dark Thirty, sobre la operación que eliminó a Osama bin Laden.  Y (Yankee, UTC−12), X (X-ray, UTC−11), W (Whiskey, UTC−10), V (Victor, UTC−09), U (Uniform, UTC−08), T (Tango, UTC−07), S (Sierra, UTC−06), R (Romeo, UTC−05), Q (Quebec, UTC−04), P (Papa, UTC−03), O (Oscar, UTC−02), N (November, UTC−01), Z (Zulu, UTC±00), A (Alpha, UTC+01), B (Bravo, UTC+02), C (Charlie, UTC+03), D (Delta, UTC+04), E (Echo, UTC+05), F (Foxtrot, UTC+06), G (Golf, UTC+07), H (Hotel, UTC+08), I (India, UTC+09), K (Kilo, UTC+10), L (Lima, UTC+11), M (Mike, UTC+12), J (Juliet, hora local sin zona definida).   A simple vista, Mike (M) y Yankee (Y) parecen estar en extremos opuestos del mapa horario, pero en realidad representan la misma hora, solo que desde lados opuestos de la Línea Internacional de Cambio de Fecha. ¿Por qué Mike y Yankee son lo mismo?
Mike (M) es UTC+12, es decir, 12 horas por delante del Tiempo Universal Coordinado.

Yankee (Y) es UTC−12, o sea, 12 horas por detrás del UTC.

Pero como el día tiene 24 horas, UTC+12 y UTC−12 son exactamente 24 horas de diferencia... o cero, dependiendo del punto de vista. Es decir, cuando en Mike son las 12:00 del lunes, en Yankee son las 12:00 del domingo. ¡Misma hora del reloj, distinto día!

Esto es útil para operaciones militares o de aviación que cruzan el Pacífico, donde se necesita saber si estás “adelante” o “atrás” en el calendario. ¿Y qué pasa con Juliet (J)?
Juliet es especial. No representa una zona horaria fija como las demás letras. En cambio:

Juliet (J) se usa para indicar “hora local”, es decir, la hora del lugar donde se encuentra el observador.

No tiene un desplazamiento UTC definido, porque depende del contexto.

Se usa en comunicaciones militares o de aviación cuando no se quiere especificar una zona horaria concreta, sino simplemente decir: “a las 1500J” = “a las 15:00 hora local”.

Es como decir “la hora de aquí”, sin importar si estás en Madrid, Kabul o Honolulu.",No hay foto
26/06/2025 5:41:46,Orgullo y los gays,Son una mentira como una catedral ... y tienen bandera y fiesta ... y se apunta un montón de gente ... ni idea de donde sale todo esto ... habrá empezao por un timo ... alguien hablaba mal de otro y pactaron no matarlo a cambio de que tenga acento toda la vida ... (supongo ... posibilidades varias ... ),https://drive.google.com/thumbnail?id=11yQPycrxP2UkDJI_MiLEoXGCjvJpqpms&sz=w800
26/06/2025 5:45:21,Orgullo y los gays,Parece muy duro el matar a alguien por hablar mal de otro ... pero ese quizás quería dos casas y eso si es motivo para querer matar a alguien (dado que para tener 2 casas tienes que matar a otro).,No hay foto
26/06/2025 6:54:02,El codo como unidad de medida de longitud,"El codo como unidad de medida es una de las más antiguas de la humanidad, y su origen es tan simple como ingenioso: se basa en el antebrazo humano, desde el codo hasta la punta del dedo medio con la mano extendida. Es decir, una medida antropométrica, tomada directamente del cuerpo.         ¿Dónde y cuándo aparece?
Egipto: ya en el 2700 a.C., los egipcios usaban el meh, o codo egipcio, que medía unos 0,45 metros. Más adelante, el codo real egipcio se estandarizó en 0,523 m y se dividía en 7 palmos de 4 dedos cada uno (28 dedos en total).

Mesopotamia: el famoso codo de Nippur, del siglo XXVII a.C., medía 0,518 m y fue hallado en una tablilla de piedra que hoy se conserva en Estambul.

Biblia: el codo es omnipresente en los textos bíblicos. Por ejemplo, el Arca de Noé se describe con medidas en codos. Aunque no hay una medida única, se estima que el “codo bíblico” rondaba los 0,45 a 0,54 m, dependiendo de la región.

Grecia y Roma: también lo usaron, con valores que oscilaban entre 0,44 y 0,46 m.

España: en Castilla, el codo común medía 0,418 m, y el codo real, 0,574 m. En Aragón, era de 0,384 m.                ¿Por qué se usaba?
Porque era práctico y universal: todos llevaban su “regla” incorporada. En una época sin cintas métricas, usar el cuerpo como referencia era lo más lógico. Además, se podía adaptar a contextos como la construcción, la agricultura o el comercio.         ¿Y cómo se estandarizó?
Con el tiempo, las civilizaciones más avanzadas (como Egipto o Roma) crearon patrones físicos de codo en piedra o metal para evitar discrepancias. Por ejemplo, en Egipto se han encontrado reglas de piedra con divisiones exactas del codo real.           ¡Jajaja! Muy buena imagen la de ir a rastras con el antebrazo como regla de carpintero ambulante. Pero en realidad, el uso del codo como unidad de medida tiene más lógica de la que parece a primera vista. ¿Por qué el codo y no el pie o la zancada?
Precisión y comodidad: medir desde el codo hasta la punta del dedo es más controlable y menos variable que un paso o zancada, que pueden cambiar con el cansancio, el terreno o la persona. En cambio, el antebrazo es bastante constante en proporción al cuerpo.

Usabilidad: puedes usar el codo sin levantarte ni moverte, ideal para carpintería, confección de tejidos o construcción. Imagina a un albañil o artesano midiendo tablas o telas rápidamente sin sacar una herramienta.

Facilidad para replicar: cuando las civilizaciones antiguas estandarizaron medidas, usaron versiones físicas del codo (como el codo real egipcio) talladas en piedra o metal. Así aseguraban uniformidad en la arquitectura o el comercio.  Ejemplo práctico
En la construcción de templos egipcios o del arca bíblica, se usaban codos como una medida relativamente fija y confiable que podía trasladarse con facilidad y sin requerir tecnología.

Eso sí, el pie y la zancada también se usaron ampliamente: el pie romano, la milla romana (mil pasos dobles), la braza náutica... ¡todo el cuerpo sirvió de cinta métrica! Pero el codo reinó porque tenía la mejor relación entre conveniencia, precisión y portabilidad en muchas tareas prácticas.",No hay foto
26/06/2025 7:10:31,pagina web,"se pegan las imagenes de portapapeles aquí?

",https://drive.google.com/thumbnail?id=132cHSXGNuR2tnjZLnQXjxQBW0vmIs2d-&sz=w800
26/06/2025 7:21:56,pagina web,probando upload,https://drive.google.com/thumbnail?id=1Sz5iTBBkiDV3J2AaX-y-VoLGB6SXBDaR&sz=w800
26/06/2025 7:35:34,"Yo, mi mujel y los 300 o más",Que nadie mueva un puto dedo para joderme la vida ... en 43 años no me han ayudado en la puta vida ... no creo sea buena opción seguir fastidiandome la existencia ... son demasiados ... y hay de todo ... y supongo a mi mujel tambien la han reventado de lo lindo,No hay foto
26/06/2025 17:23:26,"Vaca vieja, trainspotting y chaturbate","Acabo de ver chaturbate para masturbarme y al terminar ir a ducharme ya que me acabo de levantar y necesitaba más limpieza. He visto algo curioso, una mujer vieja (vaca vieja) estaba teniendo relaciones con alguien y mostrandolo por chaturbate, ella estaba a 4 patas y el de rodillas en la cama, y en la toma se veía a los dos de perfil de canto (con la cabeza de ella más alejada) pero ella miraba a camara ... la cabeza de ella estaba a la derecha del video, y el, ha hecho algo raro, como con su mano izquierda conjer una parte de moya encima de la pierna derecha de ella, y ha apretao ... y lo curioso, es que ella ha mirao como se espera de una mujer mayor ... no ha habido cambio de expresion o gesto en su cara en todo eso ... ella podría haber pensao, de donde salen tantas manos ... algo ... pero ... las mujeres viejas ... miran como una vaca a un tren pasar ... o como chuck norris ... Conclusión: Las mujeres actuan como si algo les ofendiese o importase ... pero todo se la suda enórmente y desde hace mucho tiempo.",No hay foto
26/06/2025 17:27:47,Esta canción parece habla de mí,"Esta canción parece habla de mí ... cambia 09 por 99 ... y es demasiado parecido ...
",https://drive.google.com/thumbnail?id=1_hq2yVBsIFOyJYtr9bzy5P2idJwjiPAh&sz=w800
26/06/2025 23:17:12,Rafita el coci y su chico,Su chico me insultó y me dijo que no tenía educación ... no tenía ni idea de algo ... pero ahora creo que son ellos los que me han robado todo siempre .... Ese esperpento de ser ... debe de ser de esos que se creen que el respeto se gana y no se tienen ... hay que matarlo ya.,No hay foto
26/06/2025 23:19:29,Rafita el coci y su chico,No me estraña que subnormales que te roban todo ... siempre ... digan que el respeto hay que ganárselo ... (eso lo dicen despues de haberte robao todo ... ),No hay foto
27/06/2025 6:09:42,Los anteriores a mi (los mayores),Creo que usan o me han usado como si fuese un bebé de usar y tirar ... parecen de otra época y no a la altura de los avances sociales y científicos ... parecen de la edad media ... deciden: este no vale ... en 5 minutos de vida ... y que le dén ... no me parece muy normal lo que hacen ... supongo esperaban alguien me habría matado ... y no fué así ... y ahora se encuentran unos moralistas ... que son cláramente amorales y del medievo ... con uno de 43 años a los que ellos le han destrozado la vida y robado todo.,No hay foto
27/06/2025 7:31:40,La gente alrededor,A ella la envían de noche de bodas y a de mi destruyen mi imagen para separarnos... Llevan así decadas,No hay foto
27/06/2025 8:31:25,La gente que ha hecho que estemos separados mi mujer y yo,"Ellos llevan 43 años hablando mal de mi, y colaborando y particiapando en separarnos ¿para qué? para sacar partido de todo esto, y así explotarnos y robarnos y quitarnos todo y obligarnos a todo ... y hasta han robado tiempo ... son gente no adaptada al mundo ... solo pueden ser asesinados ... gente así no se recuepera ni se reeduca ... y me niego a verlos por ahí andando felices ",https://drive.google.com/thumbnail?id=1uFhGQ4gvfnHG8LnWUFu1l34ecnmkWRER&sz=w800
27/06/2025 8:45:29,La gente que ha hecho que estemos separados mi mujer y yo,y los que se callan como zorras … tb son para matarlos … se quejan muchos de otros … y NI UN SOLO DURO ... SON NIÑATOS QUE NO VALEN,https://drive.google.com/thumbnail?id=1_qIZBMrQ0S7ZZOi6ePJzuj2gf5cNI0bv&sz=w800
27/06/2025 13:22:53,Mi mujer está con un Blanco Iniesta,Mi mujer está con un satinado ... ,No hay foto
27/06/2025 13:23:37,Los únicos satinados que conozco son,"El Guille, Andrés de Buenavista y Javier Ferrer",No hay foto
27/06/2025 13:26:05,Los únicos satinados que conozco son,"También los nachetes (el del campo y el de madrí tb tienen esos tonos blanco iniesta), y fer tb",No hay foto
27/06/2025 18:01:22,Me ha parecido ver,"Me acabo de despertar, y nada más despertar me ha parecido ver un mural en vez de un armario y una pared que me separa con el vecino. El cuadro parecía arte de la época romana o griega.

Me ha parecido ver un mural renacentista que me contaba algo de mi interés, pero por algún motivo absurdo, se dedican a taparlo todo y a esconder lo que para mí es de mi interés.

Se que hay gente que se dedica a hacer obras para fastidiar y volverte loco.

Supongo alguien más habrá mentido y dicho que soy un yonki de drogas duras y que por eso no me entero ... pero la realida es que cuando me duermo supongo me gaseará un butanero y por eso hacen todo lo que hacen conmigo y no me entero cuando tiran abajo paredes o las hacen.

He visto un mural tipo como este cuadro (después de haber dicho que los mayores parecen del medievo)

",https://drive.google.com/thumbnail?id=1AKhg3nU6prWv4qMBGZo1qJH1Pr8s-Z44&sz=w800
27/06/2025 18:08:03,Me ha parecido ver,"La gente debe de ser más subnormal de lo que parecen ... Me he despertado y he visto un mural o fresco renacentista que es de mi interés, y se dedican a tapar y esconder eso (supongo lo venden como obra o yo que sé ...) y toman por idiota a la nave como si se le pudiese engañar y no se fuese a dar cuenta ... más subnormales no pueden ser.",No hay foto
27/06/2025 18:29:52,Me ha parecido ver y Shabat,"Todo esto raro que he vivido del fresco, ha sido nada más despertarme, sobre las 18 h del viernes, creo que el shabat empieza en el atardecer ( eso dice mi IA ) pero no se por qué recuerdo que el shabat empieza a la hora de salir del curro ... sobre las 5 de la tarde del viernes.

",https://drive.google.com/thumbnail?id=1ltOG5QgnmFw83MSBWJ_raFXQezfCo84f&sz=w800
27/06/2025 18:31:45,Me ha parecido ver y shabat,"Además, mi madre justo acaba de decirme que vaya a sacar dinero del banco y a comprar tabaco.",No hay foto
27/06/2025 19:00:17,mujeres normales vs Beyon C,"¿Soy el único que detesta a la Beyon C y sus imitadoras? ... esta canción suena mucho mejor sin tanto de la tiparraka esa ... pues así veo yo a la gente normal ... entonando bien y sin necesidad de fuegos artificiales y con pocos instrumentos vs todo lo que necesita la Beyon C para sacar una canción

",https://drive.google.com/thumbnail?id=1naXYDo2vxr2K_fyGycOx3USTqrCfdNZq&sz=w800
27/06/2025 19:09:10,Así veo yo a la Beyoncé o Beyon C o como se llame,"Así la veo yo artísticamente




y así se imagina ella

",https://drive.google.com/thumbnail?id=16eJiaAkbBWuHmWff8IrBcqvxSx9RTJg1&sz=w800
27/06/2025 19:10:40,Así veo yo a la Beyoncé o Beyon C o como se llame (el anterior mensaje está mal),"así la veo yo

",https://drive.google.com/thumbnail?id=1WdVmHSfxc6jNh1SJh14DRO12sTiaNFVo&sz=w800
27/06/2025 19:11:39,Así veo yo a la Beyoncé o Beyon C o como se llame,"Así se ve ella

",https://drive.google.com/thumbnail?id=1jBTMkAQgC1Iric7881TmhYIpt86vs9F5&sz=w800
27/06/2025 20:16:20,Mi interpretación de Rihanna o Benyoncé,"Así las veo yo

",https://drive.google.com/thumbnail?id=1MPW9vgzHWcxxSPARKHUQybY-PFbKU-z6&sz=w800
28/06/2025 7:44:02,He puesto una reclamación en la comisaría de Alicante,"He pasado ahí horas, y falta humanida. Nadie habla claro o ayuda y si ayudan es tan liviano que sabe a nada con todo el lío que hay.

Siempre van por la tangente y me llaman loco ... y lo detesto.

He pedido el libro de reclamaciones por todo, y me han dado una simple hoja.",No hay foto
28/06/2025 17:04:20,"Ambulancia ha venido a casa, amenazas","Después de haber desglosado un poco todo lo ocurrido y haber sacado posibles penas, me ha despertado unos de una ambulancia para llevarme al hospital ... lo tomo como amenazas",No hay foto
29/06/2025 19:14:45,Han dejado agua con jabón a la salida de la vivienda y volviendo a casa ...,"Han dejado agua con jabón a la salida de la vivienda y al volver a casa, he pisado con la pierna de apoyo .. y el hostión ha sido grande ... piernas cruzadas y de todo y lleva cosas en las manos así que no pude apoyarme ... pero nada me ha pasado ... solo el cabreo de que me sigan haciendo pruebas de si soy bueno o no.",No hay foto
29/06/2025 19:17:59,En la tienda ... uno se ha puesto a meterle prisas a una cría ...,En la tienda ... uno se ha puesto a meterle prisas a una cría ... cuento 5 para que elijas chuche ... y se ha puesto contar ...  todo para demostrar o justificar ... depende ... de quién ... si un malo habla mal de mi ... obligan a justificar que dice sandeces ... si un malo hace lo de contar hasta 5 lo hace para demostrar su superioridad y lo manipulado que tiene a la chica ...  algo raro ocurre ahí ... y depende de quién sea quién ...,No hay foto
29/06/2025 22:22:19,he ido a comprar galletas y cocas para la madre y me ha dao por pensar más,"fuí a la tienda que parece de un santiago .. y ví helados que parecen de guille

y al volver a casa el vecino me dijo: que pasa vecino con voz más alta y demasiado cerca de la puerta que iba a pasar ... y el dice que así es santiago",No hay foto
2/07/2025 10:29:59,dolores al andar,tengo unos dolores al andar sin gayumbos que no son ni medio normales ... jamás en vida he tenido estos dolores o parecido ... la burrada es tán grande. .. que abiertamente voy por las tiendas y pidiendo sacos de tamaño humano y palas.,No hay foto
2/07/2025 10:32:20,no se muy bien como o por qué,me dijeron que nacho de madrí tenía un cobradro del frak ... y que tenia deudas ... y por lo visto no se como me las están cobrando a mi las deudas ... en forma de dolores ... supongo que cuando hablan de nacho se refieren a otra persona cercana o alguien relacionado con alguien cercano. (el cobrador del frak y el bombero torero son lo mismo),No hay foto
2/07/2025 10:34:11,gente realmente mala,alguien tiene una deuda .. y me la quieren cobrar a mí .. son realmente gente terrible ... sin escrúpulos algunos ... ni la menor idea de quienes son ... no se si reyes ... o yo que se quien ... ni idea ... pero ... si ... para pedir sacos y palas esto es...,No hay foto
3/07/2025 8:13:44,Adopción de animales,Acbo de enviar un whatsapp a la perrera de alicante ...,No hay foto
15/07/2025 7:28:14,El malo tiene miedo,"Empieza a ver que se le acaba el chollo y nisiquiera se han muerto sus buenos ... ellos siguen por ahí a caballo o Pegaso ...

por eso fuerza para que yo denuncie y así liarlo todo con los toreros de colores brillantes ...",No hay foto
15/07/2025 7:30:08,El malo tiene miedo,El malo piensa que podría haberse quedao con su mujer y por lo menos pasarlo bien acompañado ...  e incluso siguen queriendo que esto siga ...,No hay foto
15/07/2025 7:36:03,Los buenos del 1º,"Los buenos del primero, no esperaban, que con lo pesao que fué para conseguir la casa ... luego hiciese todo eso ... o sí .. pero ... pensarían así no están los dos malos unidos contra javi (porque lo matan).",No hay foto
15/07/2025 23:47:16,Hay posibilida grande de quedarme en la calle ...  y por eso hago este diario .. para poder seguir escribiendo ... o a alguien le puede servir algo así,"Existe la posibilida de que los malos me quieran comiendo mierda como ellos o peor para ellos así tener camuflaje ...



y como existe esa posibilidá ... y se que es una pesadez acordarse de contraseñas, o cargar con apuntes, o libros, he creado esto, que es una mierda pero funciona para apuntar sin tener que usar contraseñas o tener miedos al usar otros ordenadores o lo que sea de otros ... pues a mí desorrollar escribiendo me ayuda ... pero no me ayuda el cargar con cosas o contraseñas ... y no puedo desarrollar hablando porque me han aislao ...



y así alguna vez miro atrás y se la fecha y hora de algo ... o veo algún dibujo o lo que sea ... me viene bien no tenerlo con contraseñas ... porque las olvidas y más aun viviendo en la calle ...

Además ... supongo en el mundo bien ... no tienes contraseñas ... las contraseñas parecen hechas para no que no puedas entrar ... y yo no tengo algo que ocultar ...",No hay foto
15/07/2025 23:54:02,Hasta la musica es depresiva,Todo lo que tengo a mi acceso es depresivo ... salgo a la calle y los lobbys de los edificios parecen todos funerarias (marmol y frio por bandera y por fuera y por dentro siempre pagando más para que sea más horrible ... algo que ni los muertos desean ... es todo tan absurdo y descomunal ...)... los barcos no son pinterescos ... parecen rancheras de tanatorios que parece caros ... el ritmo de la musica es o siempre unos puntos más lentos (depresores) o unos pintitos de mas rápido (para hacer la guerra y entrar en guerra y hacer algo mal para luego deprimirte ) ... es todo así y así ha sido toda mi vida siempre ... alguien ha hecho un cambiazo brutal y me ha dao un camino directo al cementerio siempre ... y pa hacerme infeliz.,No hay foto
15/07/2025 23:59:47,Mi RAE y cambios de palabra,Para mi un tanatorio es el lugar donde presentan a un muerto (no se pa qué) .. antes de enterrarlo o llevar a la incineradora (que supongo en realdá es un ascensor a el centro de la nave que esta sabe que hacer con lo que no queremos ) ... pero tantatorio suena a tana (nombre diminutivo de gitana ... y las gitanas no son tristes y desagradables) y también suena a sanatorio .. que es lo opuesto a ver a un cadaver ... porque al cadaver no lo puedes reanimar ... y como esta muchas más palabras en mi diccionario .. por ejemplo la palabra infeliz ... me han vendido que el español o castellano viene del latin .. pero yo creo viene del anglosajon (no he pensao de donde viene este o las germincas) y por eso ... infeliz ... parece como dando entrada a uno feliz (con la palabra in == dentro y feliz (feliz y alegre) ... tb han metio por medio la palabra felix del ave fenix que renace ...  que se supone es una alegría ... pero a ver como sale un pollo de un horno ... (mínimo quemao),No hay foto
16/07/2025 0:02:52,Mi RAE y cambios de palabra (continuación),"Feliz, tb contiene Fe ... que es una creencia ciega de que algo irá bien ... y liz .. que es una flor que usan en los familias reales ... como símbolo de no se qué ... y también es algo religioso y que creo lleva la guardia suiza de la iglesia ...",No hay foto
16/07/2025 4:44:21,"Colores, Alicante como muchas otras velatorio ciudad de trabajadores y muertos","Todo esto de los colores viene porque antes de dormir, me paseé por la ciudad de Alicante criticando todo ... Parece todo un lugar feo feo donde hay muertos o malos recuerdos de muertos ... parecen más jugadas ... el muerto no quiere que le recuerden mal ... y quien lo ha matao no quiere que recuerden al muerto ... Yo hablo de todo como de falta de colores, de madera cálida para un entierro o algo así ... y por contra todo aqui parece algo terrible y horrible y fácilmente limpiable ...



Contra ejemplo, si alguien muere en una cabaña de madera de colores ... y has vivido una vida genial pero en una esquina murió alguien de viejo ... tienes ese mal recuerdo por ver a esa persona sufrir, pintas de otro color vivo y ya está ... y el recuerdo lo tienes cuando te apetezca ... Pero tener ciudades enteras dedicas a algo que se ve terrible a simple vista ... parece desalmado ... hasta los barcos del puerto marítimo parecen limusinas de cadáveres ... algo terrible ...",No hay foto
16/07/2025 5:50:32,Pusieron la palabra de otros en mi boca aprovechando que estaba destrozado y me habían destrozado,"Pues de todo tb ... quién y por qué me habían destrozado ...  Si puede que haya dicho aunque al escucharlo si me quedé un poco raro la frase ""si le cortas el pene ... ¿y si te cortamos las tetas?  ... pues eso ... yo destrozado a veces repito frases sin pensar ... cortarle a alguien el pene es terrible .. cortarselo a un bebé .. es también terrible ... a saber como alguien se ha ganando el que le corten el pene ... y a saber como alguien ha logrado que se lo corten a otro ... es todo terrible ...",No hay foto
16/07/2025 5:53:35,a mi me están fastidiando con el pene,y esto es un castigo que le han enviado a otro .. y este ha logrado pasarme el castigo a mi ... yo hablo por mi ... lo del bebé tb duele y no se si es verdá (deseo que no sea verdá) ... pero no hay duda de que duele y más si es uno que va por ahí regalando lo que a el u otros les han castigao ...,No hay foto
17/07/2025 14:54:42,las rojas me han rodeado toda la puta vida,Las rojas ... y su buen caracter me han rodeado toda la puñetera vida ... menos mal que no me han mostrado sus artes ...,No hay foto
17/07/2025 14:57:26,Me han rodeado solo Rojas y amarillos,Cómo comprenderán .. estoy vivo de milagro ... por suerte no me han rodeao tb los Rojos,No hay foto
17/07/2025 16:42:39,"yo, mi mujer y mis hermanos y hermanas.",He entendido algo … la madre de la compungida le ha prometido el liarla con el bueno … y mi mujer pude ser la ciega … y al compungido se lo estarán comiendo …. y la japonesa o el japonés … no ha parado de darme tele palizas a través de otros … primero … tengo que estar con mi mujer … para ayudarla … y los amarillos con sus amarillos … y luego vamos con los rojos …  pero todo está yendo mal … y nadie parece ayudar bien … y le dices al japones o japonesa que paren de dar siempre palizas porque las recibo yo todas ..,No hay foto
17/07/2025 16:46:26,si mi mujer no quiere estar conmigo ... estamos todos jodidos,Al compungido ... le estarán comiendo todo .. y el rojo estará robando de todo y haciendo de todo .. yo no tengo ni tiempo ! .... y el compungido no es el defensor a usar ... y el militar no son buenos dirigiendo ...,No hay foto
17/07/2025 16:49:13,"yo, mi mujer, y los hermanos",Los compungidos ... no son los mejores negociantes ... les quitan y roban todo ... y lo regalan ... mi mujer y yo tenemos que estar juntos ... y el militar no puede estar al mando ... porque así empiezan las guerras mundiales.,No hay foto
17/07/2025 16:53:39,"yo, mi mujer y nuestros hermanos","si por lo que sea ... estamos separados ... que todos los amarillos, chicos y chicas vayan a buscar a mi mujer y la traigan ... y con los rojos no se que hacer ... que el rojo deje a su mujer con alguien que el quiera y al rojo lo lleven amarrado para que no pueda cortar a alguien ... y vuelven todos aqui con mi mujer para traérmela a mí ... la otra opción es que se lleven tb a la roja amarrada (a los 2 rojos) ... Y NO LA CAGUEN MÁS ... NI UNA SOLA VEZ MÁS. NO ESTÁ AL MANDO ALGUIEN ... ESTÁN TODOS AL MANDO Y NO LE METAN MIEDO A ALGUIEN ... Y LOS ROJOS NO VOTAN .. SOLO SON PAQUETES AMARRADOS Y CON LA BOCA AMORDAZADA PARA NI HABLAR NI QUE SE LES ESCUCHE NI CON PINGANILLO.",No hay foto
17/07/2025 16:55:58,"yo, mi mujer y nuestros hermanos",Simplemente tenéis que lograr que no mueran ... eso es todo .. si los rojos no mueren bien ... darles agua para beber cada rato ... y aliementos 5 veces al día .. se caga por la mañana y se mea cada rato ... y si se mean encima o se cagan no es tan grave ... el problema es que no tengan agua o alimentos.,No hay foto
17/07/2025 16:57:27,"yo, mi mujer y nuestros hermanos",la otra opción es que viajemos todos .. a por mi mujer ... pero como nunca os presentáis .. no se quienes sois ... y tampoco se a donde hay que ir .. ni tengo dinero para viajar .. (no se como viajáis vosotros o que necesitáis para viajar),No hay foto
17/07/2025 16:59:00,"yo, mi mujer y nuestros hermanos","No tengo idea de donde está mi mujer ... de vuelta del viaje que me dí, pasó por una especie de madrid en miniatura ... pero es que no tengo la menor idea de donde está ...  ni de como regresar a esa miniatura de madrí",No hay foto
17/07/2025 17:01:36,"yo, mi mujer y nuestros hermanos","Otra opción es que la ciega sea la japonsea ... y mi mujer esté con el japonés ...

le decís a mi mujer que deje de hacer la imbécil ... que es ella y yo la que tenemos que ayudar a los amarillos y luego a los rojos .. y no desparejar a la gente ... a la militar le viene mejor ser la ciega porque controlará mejor las curvas y todo eso con el orden ...",No hay foto
17/07/2025 17:04:41,"yo, mi mujer y nuestros hermanos","Lógicamente ... hay un militar, un compungido, y uno extremádamente desordenado  .... y yo soy el punto medio ... porque sí .. porque lo sé ... porque aunque no me preocupa mucho el orden .. limpio y se donde está todo .. a pesar de que me roban de todo ... ",No hay foto
17/07/2025 17:07:19,"yo, mi mujer y nuestros hermanos","Y luego están los rojos ... que la mujer parece un hombre, porque su punto G está en la garganta o por ahí ... y le importa poco lo que sea .. porque les gusta lo que les gusta ...",No hay foto
17/07/2025 17:10:04,"yo, mi mujer y nuestros hermanos","Yo, mi mujer y los hermanos y hermanas ...

Creo que lo que han hecho es contarla sus puntos fuertes (que son los que mi mujer tiene ... pero llevados a más extremo) ... y la roja no se lo que ha hecho .. ni idea ... un sable con fuego o yo que se .. habrá hecho payasadas circenses ...              para la militar es mejor ser la ciega ... porque controla todo al extremo ... y yo pasaría de eso .. no soy un neurótico del control ...",No hay foto
17/07/2025 17:11:52,"yo, mi mujer y nuestros hermanos",Sería idea del rojo .. si solo le cuentan a mi mujer sus puntos fuertes ... y no los malos ... pensará que los amarillos son mejores o yo que se ... y así el rojo ... hace lo que quiere ... y roba ... y de todo .. y tiene a su mujer ... que la cambia con otro .. tiene a todos controlados porque tiene nuestras cosas y se lo pasa en grande ...,No hay foto
17/07/2025 17:15:19,"yo, mi mujer y nuestros hermanos",y como a la cumpungida ... la mujer del militar ... lleva 25 años sin darla palizas ... la compungida se habrá crecido ... y habrá llegado a pensar en tener 2 casas ... por eso la militar la tiene que zurrar ... y por eso ellos 6 tienen que estar juntos ... para controlarse unos a otros ... y los azules juntos ... para que no la líen los rojos ... y la compungida lleva 25 años sin recibir palizas porque las palizas me las han dao a mí ...,No hay foto
17/07/2025 17:19:09,"yo, mi mujer y nuestros hermanos","a los rojos ... los atáis y amordazáis y les quitáis apagáis el pinganillo ... no importa algo ... solo que no se mueran .. no es tan difícil ...

y los amarillos todos juntos para equilibrarse .. y los azules todos juntos.

a saber donde está la pobre amarilla ... porque mi mujer habrá rulado por ahí ... los amarillos tienen que estar juntos ... para compensarse .. y llegar a verde.",No hay foto
17/07/2025 17:26:42,"yo, mi mujer y nuestros hermanos",Yo estoy bien ... si por lo que sea ... a mi mujer la tienen los rojos .. que nuestro rojo ceda a su mujer un rato y nos entreguen a la mía .... no negociamos más ... y que esté mi mujer mejor que perfecta ... y le piden ayuda a sus azules para que esté mejor que perfecta.,No hay foto
22/07/2025 20:25:18,Negócialo mejor,...,No hay foto
23/07/2025 19:37:24,ME ESTÁN JODIENDO ... LLEVAN AÑOS JODIENDOME DONDE NO TENDRIAN POR QUÉ,"porque alguien piensa que yo he robao un bebé?

llevan por lo mens 7 u 8 años fastidiándome ... 

el bebé ... ya debe de ir al cole ... y ya puede ir solo por el barrio ....

y además ¿porqué voy yo a robar un bebé de otros?? para qué y para qué??

1º si yo hubiese robado un bebé ... lo tendría aquí conmigo ...
2º y si lo hubiese vendido ... tendría algo ... (y no tengo ni algo ni alguien)

3º yo quiero lo mejor para todos los bebés  ¿que pinto yo en la ecaución de robar un bebé??

4º y nombro al ricitos del campo ... le escuché decir que a el le parecía too bien ... menos ... lo de que a mi me jodiesen el paquete ... esto los escuché cuando tenía como 12 de mis años del calendario gregoriano .. y eso es hace (continuuo esto en una stories)",No hay foto
25/07/2025 18:23:38,Sigo sin entender qué está ocurriendo ...,Sigo sin entender donde está mi mujer o por qué nadie me defiende o donde está ella.,No hay foto
27/07/2025 18:56:05,y como son polis e hijos de polis ... algo mal harían ...,y los que se fueron a fastidiar ... lo haría pa bien ... ,No hay foto
27/07/2025 19:04:16,la del tenis ... puede ser hasta la de arriba ...,y estar cargando mierda de todos ... y trabajando por un montón ...,No hay foto
27/07/2025 19:23:20,la del tenis y su chico,"alguien debió decir ... pues no hago naa y ya está .. y la otra igual ... pero con significados opuestos ...

y una curro mucho y el otro poco .. y además tendría padres de los que huir (alguien ciego o algo así ... y el chaval poniendo sacos de patas y cintas de sonidos durmiendo ) ... y estaría rodeados de rojos del cole ... le reirían las gracias ... como riendose de la que le van a hacer ...
",No hay foto
27/07/2025 19:58:56,Mi consejo a los amarillos ...,"vosotros tenéis que querer pensar así:

lo que diga mi azul y me gusta mi azul y su azul ... 

eso es todo ...

",No hay foto
27/07/2025 20:06:28,supongo esto va de descartar azules malos .. y si sus amarillos son malos ...,"si sus amarillos son malos ... se quedan todos ellos aquí ...

y algunos juegan con lanzas ... y eso no es bueno ...",No hay foto
27/07/2025 20:10:07,y no decido yo quien se queda ...,segúramente ... los amarillos violadores y otros ... ni de coña pueden cruzar al otro lao ...,No hay foto
27/07/2025 20:13:04,los amarillos que envenan tampoco ... ahi se mueren de miedo si alguien va envenenando,y los drogadictos ... son jodidos ... porque por las drogas se meten en problemas ...,No hay foto
27/07/2025 20:16:04,y los que me  fastidian y juzgan mal ... tb van mal,porque ... yo no he tenido relaciones sexuales en por lo menos 10 años ... y me están fastidiando como si fuese un violador ... cuando al que han violado es a mí,No hay foto
27/07/2025 20:53:03,suopngo me quieren hacer el lio,supongo me quieren hacer el lio ... con la de el tenis y decir otros lanceros que son ellos ... la respuesta es no.,No hay foto
27/07/2025 21:07:30,los lanceros y ratas,no van a salir de aquí en la puta vida ... han sido contratados por idiotas para fastidiar ... y eso es lo único que hacen ...,No hay foto
27/07/2025 21:11:42,no se en qué se han metio los lanzeros,pero el problema es grande ... serían amigos de el chico de la del tenis ... que no para de cagarla ... o la chica amiga de la que me violó ... y que su chico tb la lió tremenda ... ,No hay foto
27/07/2025 21:17:03,alguien no solo la caga ... además pide rehenes ...,alguien no solo la ha cagao y mucho .. además pide rehenes para quedarse aquí ...,No hay foto
27/07/2025 21:18:16,alguien pide reheenes pa quedarse aquí,y está aquí porque la ha cagao ... aunque quisiese ... en el otro lao no les dejan entrar .... y además pide ...,No hay foto
27/07/2025 21:28:24,como toos se parecen ... es un puto lio,supongo que los guilles y nachos de madrí ... están entrelazaos ... y no se como me han jodio a mi ... los guilles me violaron ... y los nachos me envenenaron y apareciones ignacios por casa ... así que ni idea .. pero el lio está en ellos .. aunque en el campo tb me liaron antes ...,No hay foto
27/07/2025 21:34:35,los guilles y los nachos de madrí,en principio son amigos ... primero el nacho del campo casi me mata varias veces ... luego el guille me viola y me insulta mucho y cuando insulta a mi madre ... me cabreo ... se lo digo al nacho y rafa de madri .. y ellos me envenenan y aparecen ignacios ....  (están como jodidas regaderas) ... le ha hecho el lío su amigo .. suelten a mi gente ... o muertos y a tomar por culo ... suelten a toda la gente ... y no pidan ...,No hay foto
27/07/2025 21:41:05,el chulo del nacho ...,"El chulo la ha cagao tanto .. que ni de coña va a tener algo ...

lo único que puede ganar ... es no se una cabeza a la que chutar o cabeza de roomba ... así que suelte a todos .. y ni se le ocurra pedir ...",No hay foto
27/07/2025 21:49:27,si el tonto se niega ... todos vamos contra el ... y a ver en qué se queda ...,si el tonto se niega ...,No hay foto
27/07/2025 21:53:59,ahora que?,vas a pedir un coche un helicoptero y una pizza? y vas a ser comido por el Coloso Rojo???,No hay foto
27/07/2025 21:56:28,si el tonto se niega ... todos vamos contra el ... y a ver en qué se queda ...,"el tonto no puede ir al lado azul ... porque la ha cagao muchísimo ...

ahora? a donde quiere huir? ... lo único que puede ganar es quedarse aquí ... sin ir sobre una Roomba ... y solo lo gana portándose bien ...",No hay foto
27/07/2025 22:50:50,LA HIJA DE LA POLI DE LOS DALTON ...,"Me lleva dando Palizas TODA LA PUÑETERA VIDA ...

HA SIDO ASÍ SIEMPRE ...

ME ENCIERRA Y DE TODO ... Y QUIERE MÁS ...

Y LUEGO AL GUILLE LE ENGAÑA ... PONE LOS OJOS ROJOS ... PERO ... NO SABE LO QUE ES LLORAR ... PARA ELLAS ES UN CONCEPTO ... PARA ELLA LLORAR (Y SUPONGO PARA SU CHICO TB) ES COGER UNA BOLSA DE ALGO QUE LE DE ALERGIA ... ESTAR UN TIEMPO RESPIRÁNDOLO Y PONER LA MISMA CARA ... ESO PARA ELLA ES LLORAR ...

NO TIENE NI LA MENOR IDEA DE LO QUE ES LLORAR ...",No hay foto
27/07/2025 22:54:00,Y si así es la hija de la poli ...,La mala cómo debe de ser ... y además son amigas ... ,No hay foto
27/07/2025 23:00:47,segúramente el hack ... es lo que ellos llaman el concepto,"ellos llaman a llorar: "" el concepto "" ... y para ellos el hack es aparanetar que lloran ... y alguno fué gritado por ahí ... que conecen el hack "" ¡ el concepto, es el concepto ! """,No hay foto
27/07/2025 23:02:43,Pa conceptos ... el concept Car ...,Concept Roomba .. Seat Salsa ...  Concept Salsa ... es un Roomba extendible ...,No hay foto
27/07/2025 23:08:39,"Mambo, Salsa, Cumbia y Roomba",Solo se cual es la Roomba y el Salsa .. no se cual es el Mambo .. pero ... una cabeza en Roomba con un traje seguro hay ... y con extendible ... como una carretilla en la Roomba ... con más cabezas ... eso se llama el trenecito ( la Cumbia ) ... y la locomotora está loca ...,No hay foto
27/07/2025 23:18:11,Tienen razones pa jugar ... y yo les explico que el tamaño no importa ...,"El tamaño no importa porque al lao izquierdo de la función ... hay un colosos malos, con hambre y cabreados enormes ... mucho más grandes que todos ellos juntos ....  así que o hacen bien ... o son comida para colosos en forma de galletas ... o son comida para colosos luchándolo ... o las opciones intermedias son una mierda ....  porque se han portao fatal ...",No hay foto
27/07/2025 23:22:25,la opción buena era portarse bien ...,la opción buena era portarse bien ... e ir todos al lado azul ... así que sus opciones son ... la mejor de todas es morir de ancianos en una isla (existe gente así ... gente de 2 metros que muere de ancianos) ... y las otras pasan por ser roombas o medios hombres y medio mujeres y o colosos con hambre (comida pa colosos de más de 3 o 4 metros).,No hay foto
27/07/2025 23:33:22,Lo que tenéis que hacer ... es portaros bien ... no solo lo mejor para vuestro azul .. sino pa los otros azules tb,esto es así ... ni de coña vais a salvaros del coloso ... en forma de cabeza protestona encima de un Roomba ... alguno de 2 metros se salvó porque acordo con todos ... pero si los de 2 metros miden lo que un balón de futbol ... poco van a acordar ...,No hay foto
27/07/2025 23:35:03,y no os van a dejar huir de aquí ... aunque hayáis tenido la Roomba adjudicaaa,Si llevais tiempo con la Roomba ganada ... y no hacéis caso ... más tiempo en Roomba seréis ... y más lejos que da ser el aperitivo para el Coloso ...,No hay foto
27/07/2025 23:38:06,Lo bueno...,Lo bueno es que la habéis cagado tanto ... que solo podéis ir a mejor ... la Roomba ya la tenéis ... más que seguro ... ahora os toca .. portaros bien ... para estar el menor tiempo posible en Roomba ..,No hay foto
27/07/2025 23:54:49,Una muy mala opción para ser una cabeza en una Roomba,sería estar en un armario solo ... como cabeza cochándose con las paredes ... durante eternidades y a oscuras ...,No hay foto
27/07/2025 23:55:34,como un salvapantallas,y como el arbol que se cae en un bosque donde no hay alguien que le pueda escuchar ...,No hay foto
28/07/2025 0:08:13,por qué javi pierde de cada 16 pierde 15 ... ¿¿??¿,Me están pasando los castigos de otros ... el castigarme a mi ... es una ANIMALADA DE INSECTOS TERRIBLES ...,No hay foto